[
{"IMAGE link": "images/logo.png"},
{"IMAGE link": "images/main-feature.png"},
{"IMAGE link": "images/portfolio/01.jpg"},
{"IMAGE link": "images/portfolio/02.jpg"},
{"IMAGE link": "images/portfolio/03.jpg"},
{"IMAGE link": "images/portfolio/04.jpg"},
{"IMAGE link": "images/portfolio/05.jpg"},
{"IMAGE link": "images/portfolio/06.jpg"},
{"IMAGE link": "images/portfolio/07.jpg"},
{"IMAGE link": "images/portfolio/08.jpg"},
{"IMAGE link": "images/team/01.jpg"},
{"IMAGE link": "images/team/02.jpg"},
{"IMAGE link": "images/team/03.jpg"},
{"IMAGE link": "images/team/04.jpg"},
{"IMAGE link": "images/testimonial/01.jpg"},
{"IMAGE link": "images/testimonial/02.jpg"}
]